user_id,email,signup_date,country
1,johnsonjoshua@example.org,2025-12-15,US
2,jillrhodes@example.net,2024-12-28,CA
3,garzaanthony@example.org,2025-06-08,UK
4,jesseguzman@example.net,2024-05-24,UK
5,jennifermiles@example.com,2025-06-29,CA
6,shaneramirez@example.org,2025-01-10,UK
7,helenpeterson@example.org,2024-12-17,UK
8,susanrogers@example.org,2025-04-20,SG
9,wdavis@example.net,2026-04-06,CA
10,lindsay78@example.org,2024-07-06,UK
11,smiller@example.net,2025-01-21,SG
12,barbara10@example.net,2025-06-01,AU
13,kendragalloway@example.org,2025-01-17,SG
14,jamesshawn@example.com,2026-06-10,AU
15,mitchellclark@example.com,2026-03-31,SG
16,lynchgeorge@example.net,2025-02-28,CA
17,frankgray@example.net,2026-05-13,UK
18,gabriellecameron@example.org,2025-11-10,AU
19,lydiatrujillo@example.com,2025-01-29,IN
20,carl95@example.org,2024-07-05,DE
21,pfoster@example.com,2025-05-31,SG
22,josephwright@example.net,2024-03-23,IN
23,julie69@example.com,2026-05-22,DE
24,jeffrey28@example.com,2024-09-21,UK
25,camposmichelle@example.org,2025-10-18,US
26,laurahenderson@example.org,2025-11-30,US
27,djames@example.net,2026-03-28,AU
28,tasha01@example.net,2025-08-17,AU
29,kayla51@example.com,2025-06-08,DE
30,amoore@example.net,2025-12-15,DE
31,teresa28@example.org,2025-01-05,US
32,meagan89@example.org,2026-01-02,UK
33,nathanielmartin@example.net,2026-03-13,DE
34,georgetracy@example.org,2026-06-28,AU
35,natasha43@example.org,2025-10-16,DE
36,nataliearroyo@example.org,2025-07-20,CA
37,wcabrera@example.net,2025-02-15,IN
38,davidalvarez@example.net,2025-03-16,UK
39,josephbrennan@example.com,2026-01-28,CA
40,sarahcampos@example.net,2025-05-20,US
41,jenniferross@example.net,2024-08-23,US
42,samuel87@example.org,2025-07-29,AU
43,jeffreymorgan@example.net,2026-03-18,AU
44,briannasmith@example.net,2025-10-26,SG
45,perezrebecca@example.com,2025-06-09,IN
46,palmerjoshua@example.com,2024-09-14,CA
47,ambercummings@example.net,2025-01-30,UK
48,esanchez@example.com,2024-05-26,UK
49,clintonhopkins@example.com,2025-08-22,SG
50,ujenkins@example.org,2025-09-29,IN
51,brownjessica@example.org,2025-05-27,SG
52,jamesherrera@example.org,2025-08-16,DE
53,dwhite@example.org,2024-04-16,IN
54,ramosmichelle@example.net,2026-01-25,SG
55,williamsyvette@example.org,2025-02-12,UK
56,housemelinda@example.org,2024-10-16,AU
57,ntucker@example.com,2025-08-31,AU
58,martinaaron@example.com,2025-11-13,AU
59,sara74@example.com,2025-09-21,SG
60,smoore@example.org,2024-05-23,DE
61,rileyamy@example.net,2026-06-12,IN
62,brian97@example.net,2025-05-10,IN
63,brianromero@example.org,2025-02-13,DE
64,larsonemma@example.org,2025-04-27,UK
65,kwilson@example.org,2025-09-25,SG
66,harveyrobert@example.net,2025-07-21,CA
67,sarah35@example.org,2024-08-21,AU
68,randy47@example.com,2025-03-31,AU
69,smithchristine@example.net,2024-12-16,IN
70,jonesjason@example.com,2024-11-23,DE
71,sarahibarra@example.org,2025-12-23,US
72,justin78@example.net,2026-01-25,DE
73,cheryl80@example.net,2025-01-19,IN
74,sarah12@example.com,2024-04-27,AU
75,prestonjulia@example.org,2025-12-25,US
76,juan35@example.org,2025-11-19,CA
77,william40@example.org,2024-03-26,IN
78,ccalderon@example.org,2025-02-07,AU
79,kellie42@example.net,2024-09-20,SG
80,barnold@example.net,2026-04-18,AU
81,rodriguezsierra@example.net,2026-05-26,UK
82,amydavenport@example.net,2024-05-10,DE
83,russellwilliams@example.com,2024-03-26,IN
84,nolanjason@example.org,2026-01-26,AU
85,gomezanita@example.com,2024-09-20,CA
86,sarayoung@example.org,2024-08-08,DE
87,nicolejohnson@example.net,2025-10-28,SG
88,kimberly63@example.com,2026-01-18,DE
89,kristinrodriguez@example.org,2025-06-22,SG
90,dwalker@example.com,2025-01-24,DE
91,lori33@example.org,2026-01-16,IN
92,raymondramirez@example.org,2025-10-01,UK
93,michael86@example.net,2026-04-25,US
94,sheila14@example.org,2025-07-23,SG
95,benjamin96@example.com,2025-12-21,UK
96,samuel81@example.com,2026-01-26,AU
97,jonathanfletcher@example.org,2024-05-21,AU
98,michaeljones@example.net,2024-07-13,AU
99,cindy14@example.net,2026-04-09,SG
100,elizabeth56@example.net,2024-06-21,AU
101,angela36@example.net,2024-12-15,AU
102,lbyrd@example.net,2026-02-02,DE
103,richard04@example.com,2026-01-13,SG
104,russellcarpenter@example.net,2025-07-03,DE
105,steven73@example.net,2026-04-18,DE
106,yleon@example.net,2026-04-29,DE
107,donnacampbell@example.net,2025-09-20,DE
108,clarence34@example.org,2025-11-10,IN
109,dylanwilliams@example.com,2025-12-30,DE
110,gibsonolivia@example.net,2024-12-31,SG
111,jennifercruz@example.com,2025-06-09,AU
112,dylanwatts@example.org,2025-10-16,SG
113,zrobinson@example.net,2024-10-18,DE
114,pwilliams@example.org,2024-09-14,US
115,danderson@example.net,2026-01-11,DE
116,stephanie79@example.net,2024-07-06,IN
117,jrivas@example.com,2025-07-23,IN
118,juliawells@example.com,2024-07-01,SG
119,maryramirez@example.net,2025-05-27,DE
120,rsims@example.com,2024-07-05,US
121,reevesjimmy@example.com,2026-01-19,SG
122,patricia12@example.org,2026-03-29,AU
123,patrickhernandez@example.org,2026-04-12,IN
124,perrymark@example.com,2026-04-03,CA
125,abrown@example.com,2025-11-28,UK
126,gateskathy@example.com,2025-05-31,DE
127,wsmith@example.com,2024-09-05,AU
128,acastaneda@example.net,2025-12-09,SG
129,tracynelson@example.com,2025-05-24,UK
130,priceelizabeth@example.com,2024-03-19,IN
131,marycalhoun@example.net,2024-11-01,DE
132,meadowsbrittany@example.net,2024-04-21,DE
133,millerroy@example.com,2025-09-09,AU
134,brentgray@example.org,2024-08-09,IN
135,wmurphy@example.com,2025-01-30,CA
136,karen64@example.org,2025-09-19,CA
137,ismith@example.org,2024-04-18,DE
138,jeffrey10@example.org,2026-02-20,SG
139,jamessmith@example.org,2026-04-27,US
140,davidcaldwell@example.net,2024-06-30,IN
141,stevenscott@example.com,2025-07-12,IN
142,catherinestuart@example.net,2025-03-12,SG
143,stricklandfrank@example.com,2024-06-15,IN
144,lanesarah@example.net,2026-06-06,AU
145,tsanders@example.org,2025-08-25,CA
146,vargasmaria@example.org,2024-08-01,SG
147,terrykevin@example.net,2025-09-08,SG
148,hoganashlee@example.org,2024-03-05,UK
149,amanda51@example.net,2025-01-16,CA
150,alexander67@example.org,2024-03-05,CA
151,oyu@example.com,2024-08-15,AU
152,ryangross@example.net,2025-05-03,UK
153,christina87@example.com,2025-03-16,IN
154,lpetersen@example.com,2024-08-31,SG
155,melissa14@example.com,2026-01-20,AU
156,karenhudson@example.net,2025-08-31,CA
157,frogers@example.com,2025-02-24,UK
158,tonykelly@example.com,2025-11-10,DE
159,joshua94@example.net,2024-12-21,UK
160,blackjames@example.org,2026-06-03,CA
161,wfreeman@example.org,2026-04-18,AU
162,fbrewer@example.com,2025-05-22,UK
163,davisjeffrey@example.net,2024-06-16,AU
164,kevinperkins@example.com,2024-03-03,UK
165,ronald85@example.com,2025-11-18,DE
166,qnelson@example.org,2025-03-30,AU
167,griffithleslie@example.net,2026-06-25,AU
168,jamesrodgers@example.com,2025-05-28,SG
169,tina34@example.org,2025-03-09,IN
170,harry08@example.org,2024-08-17,UK
171,brandon08@example.com,2025-03-24,AU
172,danamullins@example.org,2026-01-07,UK
173,andrewstaylor@example.com,2024-09-19,IN
174,jack04@example.com,2024-10-19,IN
175,shortrichard@example.org,2025-04-07,CA
176,hernandezlisa@example.com,2025-08-14,IN
177,mcknightdavid@example.com,2024-05-13,AU
178,kimberlyjames@example.com,2025-05-16,DE
179,michelle64@example.net,2024-03-03,DE
180,lynchjody@example.org,2025-12-04,DE
181,josephmiller@example.org,2025-01-22,DE
182,andreamoore@example.com,2025-01-11,US
183,enorris@example.com,2025-04-07,CA
184,halljasmine@example.net,2024-09-10,UK
185,ojones@example.com,2024-08-23,CA
186,ronaldstephens@example.net,2026-02-09,IN
187,rebekahserrano@example.org,2025-02-27,SG
188,martinkyle@example.net,2024-12-27,US
189,scott74@example.net,2024-04-05,CA
190,gbender@example.net,2024-10-30,UK
191,mkim@example.org,2025-02-13,CA
192,mnavarro@example.com,2026-03-18,CA
193,davissuzanne@example.net,2024-06-17,DE
194,keyemily@example.com,2025-01-26,US
195,hinesgregory@example.net,2024-09-27,AU
196,lmoon@example.net,2024-05-07,US
197,fwalters@example.org,2025-12-15,IN
198,vbailey@example.com,2026-06-17,UK
199,hodgemark@example.net,2026-05-25,SG
200,zroberts@example.net,2026-05-08,CA
201,gibsonleonard@example.com,2024-10-03,UK
202,cordovarichard@example.net,2024-11-16,AU
203,sandovalamy@example.com,2024-05-03,SG
204,lopezmichael@example.com,2026-04-07,DE
205,nwolf@example.com,2024-04-23,UK
206,sarakim@example.net,2025-09-20,US
207,omartinez@example.net,2024-07-08,UK
208,jennifercollins@example.org,2025-02-07,DE
209,hdavis@example.com,2024-10-14,UK
210,hollanderic@example.net,2025-03-10,AU
211,william46@example.com,2025-09-18,IN
212,jsanchez@example.org,2024-08-24,CA
213,mlee@example.net,2024-03-29,IN
214,michellehill@example.com,2025-12-31,AU
215,sarah84@example.org,2024-06-28,CA
216,jessica99@example.net,2024-08-29,DE
217,cgrimes@example.net,2025-07-30,CA
218,jreed@example.net,2025-12-21,AU
219,ugibson@example.org,2025-02-19,CA
220,ashleyhall@example.com,2025-11-25,US
221,floresthomas@example.com,2025-06-02,SG
222,ymcneil@example.net,2024-11-26,UK
223,tylerjohnson@example.net,2025-11-04,US
224,molly71@example.net,2024-11-13,US
225,jsmith@example.com,2025-12-01,IN
226,charlesharrington@example.com,2026-01-06,UK
227,cindy61@example.com,2025-06-09,UK
228,ofinley@example.net,2024-04-29,AU
229,cbrennan@example.net,2024-09-02,SG
230,younggabrielle@example.com,2025-03-28,CA
231,juliehamilton@example.org,2024-04-09,US
232,wallaceheather@example.org,2025-06-08,IN
233,nguyenbrian@example.com,2025-12-22,IN
234,ryan38@example.com,2025-03-15,IN
235,georgemiller@example.com,2025-09-25,UK
236,tyleraguilar@example.org,2024-12-06,UK
237,dlittle@example.com,2025-11-22,CA
238,nolansteven@example.com,2025-09-04,US
239,charleslandry@example.net,2024-08-22,UK
240,danielle64@example.com,2025-11-10,DE
241,james67@example.org,2026-04-23,UK
242,patrickhoward@example.com,2025-05-26,US
243,andrew64@example.org,2024-06-20,AU
244,lozanojulie@example.com,2025-02-13,SG
245,catherinegomez@example.net,2024-03-05,UK
246,christinebyrd@example.net,2024-11-02,SG
247,courtneyberger@example.net,2024-05-19,AU
248,parkerscott@example.net,2024-03-01,CA
249,jessica14@example.com,2026-03-03,UK
250,ithompson@example.net,2025-06-05,SG
251,alyssa42@example.com,2024-11-03,US
252,scoffey@example.net,2025-07-02,CA
253,linda71@example.org,2024-05-26,IN
254,michelleramsey@example.com,2024-03-04,AU
255,christopher60@example.com,2024-06-26,IN
256,gibsonemily@example.net,2025-07-31,UK
257,brenda51@example.net,2026-02-21,UK
258,thomasharvey@example.net,2025-11-23,UK
259,rose31@example.net,2024-07-13,IN
260,tblankenship@example.net,2024-06-06,SG
261,cwilson@example.org,2024-03-03,CA
262,wendy11@example.org,2025-07-26,SG
263,paulwatson@example.net,2026-03-07,US
264,umatthews@example.org,2025-07-03,US
265,fpena@example.net,2025-08-03,IN
266,rcrosby@example.org,2025-05-14,US
267,jeff73@example.com,2026-06-05,SG
268,pollardmichael@example.net,2024-04-14,US
269,bruce43@example.org,2025-05-31,CA
270,ndavis@example.net,2025-03-01,SG
271,williamsmatthew@example.org,2024-10-24,UK
272,caseyhubbard@example.org,2025-05-19,IN
273,lisahall@example.org,2026-06-25,DE
274,ramireztracey@example.org,2025-07-31,UK
275,lauren10@example.org,2024-09-01,DE
276,howardkristina@example.net,2025-01-14,AU
277,alfred40@example.org,2025-11-15,UK
278,vfox@example.org,2024-11-05,UK
279,xwest@example.net,2025-07-06,DE
280,hayesjeffrey@example.net,2026-02-14,CA
281,acostaregina@example.net,2026-02-03,CA
282,stephen00@example.com,2024-07-21,AU
283,gsimmons@example.com,2025-06-01,SG
284,fjones@example.com,2024-05-11,US
285,cameronhill@example.net,2024-12-23,US
286,oscar98@example.com,2025-11-18,AU
287,bwagner@example.org,2025-08-07,CA
288,farrelldebra@example.net,2026-01-10,DE
289,russellbeasley@example.com,2025-03-23,UK
290,maria66@example.net,2026-02-17,AU
291,edwardslarry@example.com,2025-11-12,DE
292,stephanie71@example.org,2024-12-28,CA
293,daviscolin@example.net,2026-01-22,IN
294,lisa80@example.net,2025-01-19,CA
295,elizabeth65@example.net,2024-11-09,DE
296,uparrish@example.org,2024-07-30,US
297,caroline51@example.net,2024-07-09,AU
298,ericolson@example.org,2025-04-09,UK
299,megan51@example.com,2025-02-07,UK
300,lindsaybruce@example.net,2026-04-24,UK
301,lynchdiane@example.net,2024-05-16,AU
302,anthony44@example.com,2025-05-17,US
303,adam29@example.net,2025-08-23,IN
304,vjones@example.net,2024-04-26,IN
305,davisalyssa@example.com,2025-01-10,IN
306,kchavez@example.com,2025-06-20,CA
307,jennifer99@example.org,2024-06-26,AU
308,moorekaren@example.org,2026-06-21,AU
309,nelsonebony@example.com,2024-04-29,SG
310,nperry@example.net,2024-05-02,DE
311,reeddaniel@example.net,2025-02-18,AU
312,trose@example.org,2026-05-28,IN
313,randallgreene@example.org,2025-09-01,DE
314,kevinclark@example.org,2026-03-03,US
315,keith10@example.com,2024-12-18,SG
316,ythompson@example.net,2024-04-12,US
317,vincentwhitaker@example.com,2024-05-09,US
318,sandersjudy@example.com,2024-09-30,DE
319,stevenschristian@example.com,2026-01-04,AU
320,tberry@example.net,2024-05-03,AU
321,zroberts@example.org,2026-06-13,SG
322,george97@example.net,2025-09-08,IN
323,christopher13@example.com,2024-06-22,UK
324,zwarren@example.com,2024-08-21,SG
325,jeffrey21@example.net,2025-01-23,DE
326,schmidtjames@example.com,2025-05-22,US
327,jessica23@example.org,2025-05-31,UK
328,jonathanthompson@example.org,2025-10-14,UK
329,thompsonkendra@example.com,2026-01-21,DE
330,wwebster@example.net,2025-04-12,SG
331,kmaldonado@example.net,2025-08-23,IN
332,michelle52@example.com,2024-10-17,SG
333,harrisoncrystal@example.com,2025-10-27,US
334,bellcharles@example.com,2026-06-23,DE
335,xjohnson@example.com,2024-05-09,AU
336,newmantiffany@example.org,2025-10-12,IN
337,jford@example.net,2026-01-12,DE
338,colelisa@example.net,2024-10-26,DE
339,marcalvarez@example.org,2025-03-24,DE
340,hayeslisa@example.com,2026-06-05,SG
341,wagnergerald@example.org,2024-07-18,UK
342,hritter@example.net,2025-09-14,IN
343,michaelhardin@example.com,2024-03-16,SG
344,rschroeder@example.net,2024-10-02,SG
345,mccormickdeborah@example.org,2025-10-28,CA
346,cody64@example.com,2024-07-03,US
347,mathewaguilar@example.org,2025-02-19,DE
348,kyle62@example.net,2025-09-11,US
349,collinsnicholas@example.com,2025-11-21,UK
350,elizabethcalderon@example.net,2025-10-03,US
351,lucasrodney@example.com,2024-07-28,CA
352,coxhenry@example.org,2024-05-20,US
353,stacey73@example.org,2025-09-13,UK
354,ericphillips@example.org,2026-06-03,UK
355,stanleynancy@example.net,2025-06-11,US
356,carlamoore@example.org,2026-06-21,CA
357,jenniferwilliams@example.com,2025-07-01,DE
358,tarabishop@example.net,2025-01-17,DE
359,pyoung@example.com,2025-02-19,SG
360,mmckee@example.com,2024-10-08,IN
361,smurray@example.com,2025-09-30,DE
362,mburch@example.net,2025-10-15,CA
363,moniquewilliams@example.com,2025-02-19,US
364,angela18@example.org,2024-06-23,US
365,christopher24@example.com,2024-05-15,DE
366,mariahdavis@example.org,2024-09-18,US
367,bwilkerson@example.com,2024-10-08,DE
368,sandersnathaniel@example.com,2024-10-09,IN
369,brooksanthony@example.org,2024-05-15,UK
370,lacey20@example.com,2024-08-06,DE
371,ihorton@example.net,2024-04-19,US
372,awest@example.org,2026-07-01,AU
373,scottmary@example.net,2024-10-13,US
374,srodriguez@example.org,2024-08-07,UK
375,david36@example.net,2025-04-29,AU
376,fbrown@example.net,2025-10-19,US
377,chenbailey@example.net,2024-08-26,SG
378,kellysmith@example.com,2025-02-16,DE
379,ashleylopez@example.net,2024-11-05,CA
380,millsmichael@example.net,2025-09-12,DE
381,myerstheodore@example.net,2024-07-17,IN
382,qzavala@example.net,2025-04-16,DE
383,kellycarlos@example.org,2025-12-22,UK
384,ingramjill@example.com,2025-09-30,AU
385,bradleypayne@example.net,2024-06-04,SG
386,mariacohen@example.net,2025-01-15,AU
387,zwelch@example.org,2025-05-01,CA
388,baldwinsherry@example.org,2024-06-17,US
389,james30@example.com,2025-04-13,IN
390,zachary87@example.com,2026-02-11,AU
391,mullinsjames@example.com,2024-12-19,CA
392,glennmartin@example.org,2025-04-18,DE
393,samuel67@example.com,2026-05-18,AU
394,terri77@example.com,2026-01-23,AU
395,laurie61@example.com,2026-03-15,IN
396,amymorris@example.org,2026-04-02,AU
397,donna47@example.net,2024-05-12,US
398,cjackson@example.com,2025-06-08,DE
399,wwilliams@example.net,2026-01-31,SG
400,yhill@example.org,2026-02-25,SG
401,lambertrichard@example.net,2024-10-28,DE
402,stephaniethomas@example.net,2025-05-29,AU
403,ejohnson@example.org,2025-08-29,AU
404,michael90@example.net,2025-05-23,SG
405,erikarush@example.com,2025-11-15,SG
406,khines@example.org,2026-03-12,SG
407,raymond43@example.org,2024-09-11,IN
408,fitzgeraldvictor@example.com,2024-04-12,US
409,greenjorge@example.com,2024-08-01,IN
410,wendymitchell@example.com,2026-05-06,AU
411,davidfarrell@example.com,2026-05-21,AU
412,rachelwallace@example.org,2024-03-04,DE
413,elizabeth18@example.net,2025-03-17,AU
414,patricia22@example.com,2024-07-25,IN
415,davidharris@example.org,2024-09-26,US
416,kristyjohnson@example.net,2025-12-29,UK
417,tanner82@example.net,2025-04-02,UK
418,jonesraymond@example.net,2024-04-08,CA
419,xfox@example.com,2024-06-28,IN
420,martinezlogan@example.org,2024-11-05,DE
421,howens@example.com,2024-11-27,CA
422,nataliedeleon@example.net,2026-06-01,UK
423,katrinaanderson@example.net,2025-09-03,AU
424,guerraapril@example.com,2025-01-09,US
425,fernandodonovan@example.org,2025-11-16,DE
426,stacey84@example.org,2025-02-28,AU
427,james84@example.org,2024-06-18,IN
428,christina18@example.net,2024-07-12,DE
429,brittanycarpenter@example.org,2025-01-12,AU
430,megan90@example.org,2026-05-18,US
431,williamsdarlene@example.net,2024-06-08,US
432,debra96@example.net,2024-05-07,AU
433,jimenezcourtney@example.com,2024-06-01,US
434,timothy64@example.com,2026-03-29,DE
435,barkereric@example.com,2025-08-21,IN
436,vmarshall@example.net,2025-07-13,IN
437,larryhiggins@example.net,2026-05-08,DE
438,theresa25@example.net,2024-03-26,CA
439,floressteven@example.com,2024-05-16,SG
440,gwright@example.org,2025-11-18,US
441,sonia96@example.org,2025-10-05,UK
442,lisapeck@example.net,2025-11-05,DE
443,james27@example.net,2024-07-30,US
444,tjimenez@example.com,2025-02-21,CA
445,davisphillip@example.com,2025-05-24,IN
446,jasongomez@example.org,2025-12-27,IN
447,troy74@example.net,2024-09-24,US
448,booneryan@example.com,2026-01-19,US
449,kathryn50@example.com,2025-01-26,CA
450,hudsonjames@example.net,2025-04-29,CA
451,charles87@example.net,2025-12-13,US
452,marcia99@example.org,2024-06-25,AU
453,theresalong@example.com,2026-03-30,AU
454,kari39@example.net,2025-09-29,IN
455,cporter@example.org,2026-05-08,IN
456,jenniferbrock@example.net,2024-10-17,CA
457,ghernandez@example.org,2025-01-04,AU
458,sarah52@example.com,2026-04-05,CA
459,brittney88@example.net,2025-03-30,US
460,terickson@example.com,2025-08-02,AU
461,richardsonemily@example.com,2025-09-28,AU
462,laura09@example.com,2026-06-05,SG
463,tammy99@example.org,2024-11-05,IN
464,silvageorge@example.net,2024-05-26,SG
465,rhernandez@example.org,2024-05-10,US
466,armstrongjackie@example.org,2025-05-24,IN
467,alexanderrobert@example.com,2026-04-21,DE
468,roberthampton@example.com,2025-09-11,US
469,thorntonapril@example.net,2024-04-22,CA
470,whitney78@example.com,2025-01-04,SG
471,sue78@example.com,2024-04-14,IN
472,erica49@example.com,2025-04-26,CA
473,susanramirez@example.com,2025-03-31,US
474,shellyhendrix@example.com,2025-11-25,UK
475,hannahburns@example.com,2025-01-09,DE
476,ann44@example.org,2025-08-26,DE
477,zhuang@example.com,2024-09-23,CA
478,kellyroberts@example.net,2026-05-21,UK
479,reedscott@example.com,2026-01-13,DE
480,ilewis@example.com,2024-10-30,US
481,derrick99@example.org,2025-07-04,IN
482,brentstein@example.org,2024-06-28,SG
483,briangutierrez@example.net,2025-06-27,UK
484,xgarcia@example.org,2024-08-22,DE
485,oconnelltiffany@example.org,2025-06-02,IN
486,edelgado@example.com,2024-04-05,UK
487,katelynmitchell@example.com,2024-08-16,AU
488,velezchristopher@example.net,2026-04-05,AU
489,amandasharp@example.org,2024-11-02,SG
490,robertmonroe@example.org,2026-02-03,CA
491,lfrench@example.net,2025-11-01,DE
492,nancy04@example.net,2024-09-03,SG
493,hebertmatthew@example.com,2024-11-29,AU
494,ismall@example.net,2024-05-06,CA
495,znelson@example.org,2024-03-09,UK
496,francisco74@example.net,2024-06-19,IN
497,alexisrogers@example.com,2025-04-22,UK
498,gregorychase@example.com,2024-07-25,US
499,frobertson@example.com,2025-07-01,DE
500,lopezdonald@example.com,2026-05-06,UK
